type,mock_a_log2FC,mock_b_log2FC,mock_c_log2FC,1_nira_a_log2FC,1_nira_b_log2FC,1_nira_c_log2FC,mock_mean_log2FC,Mock_log2FC,1_nira_mean_log2FC,1uM Nira_log2FC
Compound frameshift,-0.03412919794928084,-0.02745248752642828,-0.05715736833561799,-2.2315500734615377,-0.91733477563419,-1.586197842902499,-0.03957968460377571,-0.03957968460377571,-1.5783608973327423,-1.5783608973327423
I80Yfs,-0.18731192763412396,-0.04783983086645603,-0.14961600143960446,-3.623941195253922,-1.6274323214995725,-2.723599181370577,-0.1282559199800615,-0.1282559199800615,-2.658324232708024,-2.658324232708024
Reversion,4.548991955947708,3.640977059700718,4.090456528674418,7.640653645785648,7.939821491643095,7.255757202914698,4.093475181440948,4.093475181440948,7.612077446781147,7.612077446781147
