type,day_7_a%reads,day_7_b%reads,day_7_c%reads,mock_a%reads,mock_b%reads,mock_c%reads,1_nira_a%reads,1_nira_b%reads,1_nira_c%reads
Compound frameshift,21.524234693877553,21.34107027724049,21.82974214058636,21.02102102102102,20.938818565400844,20.98178939034046,4.583151462243562,11.299804049640759,7.2703526338702655
I80Yfs,78.02933673469387,78.40103159252095,77.64040974920522,68.52852852852854,75.84388185654008,69.9920823436263,6.329113924050633,25.375571521881124,11.754462342185459
Reversion,0.4464285714285714,0.2578981302385558,0.5298481102084069,10.45045045045045,3.217299578059072,9.026128266033254,89.0877346137058,63.32462442847812,80.97518502394428
