type,day_14_a_log2fc,day_14_b_log2fc,day_14_c_log2fc,mock_a_log2fc,mock_b_log2fc,mock_c_log2fc,nira_a_log2fc,nira_b_log2fc,nira_c_log2fc,day_14_log2fc,mock_log2fc,1um_nira_log2fc
Frameshift,-5.814074375916931,-5.6860988709337255,-4.71098926918148,-6.021338206360042,-5.700766186113697,-4.808155246853362,-2.557836334609169,-2.567568329536235,-2.1356779020247716,-5.40372083867738,-5.510086546442366,-2.4203608553900584
In-frame,0.6309935424050408,0.49877382078767524,-0.8804258546555955,0.26371268550226223,0.28656927295753093,-1.23917075554359,2.4044494777981256,2.742659915224525,0.9424662659283943,0.08311383617904018,-0.2296295990279323,2.0298585529836815
Other,-2.8284380762322563,-3.9528843737786303,-3.505929788272598,-3.0304076070058543,-4.020019108852739,-3.6162471335957846,-0.35454242269807934,-1.2546856313294976,-1.326319435297134,-3.429084079427828,-3.5555579498181262,-0.9785158297749037
Reversion,3.707293140917493,3.8379232575087237,1.8804099582824714,3.7495300314496074,3.8553359133226732,1.913906734975846,2.8392502318983994,2.7426599152245243,1.149058547447912,3.141875452236229,3.1729242265827087,2.243656231523612
Wild-type,0.630993542405041,0.38596963663226996,-3.2425659624029195,-0.024693955811460732,0.3713023214522979,-3.3022572346561385,2.404449477798126,2.7426599152245243,-1.4314831441085631,-0.7418675944552028,-0.9852162896717672,1.2385420829713623
