type,day_7_a%reads,day_7_b%reads,day_7_c%reads,day_14_a%reads,day_14_b%reads,day_14_c%reads,mock_a%reads,mock_b%reads,mock_c%reads,nira_a%reads,nira_b%reads,nira_c%reads
Frameshift,79.04163759013724,72.56612267867192,39.22588099364529,1.404899135446686,1.409443269908386,1.4976958525345623,1.2168933428775948,1.3951866062085805,1.4001473839351513,13.423645320197044,12.24105461393597,8.926261319534282
In-frame,5.187252849499884,5.26167698368036,15.482380127094164,8.03314121037464,7.434813248766737,8.410138248847927,6.227630637079455,6.417858388559471,6.5585851142225495,27.46305418719212,35.2165725047081,29.75420439844761
Other,8.187950686206094,15.278559369724254,12.651646447140381,1.1527377521613833,0.9866102889358703,1.1136712749615976,1.0021474588403723,0.9417509591907918,1.0316875460574797,6.403940886699507,6.4030131826742,5.045278137128072
Reversion,6.745754826703885,6.2464828362408555,23.91681109185442,88.11239193083574,89.32346723044398,88.0568356374808,90.73013600572656,90.408092082316,90.12527634487842,48.27586206896552,41.80790960451977,53.04010349288487
Wild-type,0.837404047452896,0.6471581316826112,8.723281340265743,1.2968299711815563,0.8456659619450316,0.9216589861751153,0.82319255547602,0.8371119637251483,0.8843036109064112,4.433497536945813,4.3314500941619585,3.2341526520051747
