type,day_7_a%reads,day_7_b%reads,day_7_c%reads,day_14_a%reads,day_14_b%reads,day_14_c%reads,mock_a%reads,mock_b%reads,mock_c%reads,nira_a%reads,nira_b%reads,nira_c%reads
Frame-shift,9.93254245173296,29.79741136747327,11.611785095320624,7.456772334293949,6.800563777307963,7.71889400921659,5.404438081603436,6.138821067317754,5.895357406042741,28.856382978723403,36.65987780040733,27.830832196452935
In-frame,47.42963479879042,23.072594259988744,41.652224147891395,28.746397694524493,30.54968287526427,26.612903225806452,29.348604151753758,30.55458667596791,29.403095062638172,38.297872340425535,24.439918533604885,32.196452933151434
Other,0.34891835310537334,0.22509848058525606,0.5777007510109763,0.5403458213256485,0.3523608174770965,0.3840245775729647,0.3579098067287043,0.3487966515521451,0.36845983787767134,1.9946808510638299,1.6293279022403258,1.364256480218281
Reversion,0.18608978832286577,0.14068655036578503,0.462160600808781,0.2881844380403458,0.28188865398167723,0.30721966205837176,0.28632784538296346,0.2790373212417161,0.2947678703021371,1.0638297872340425,1.0183299389002036,1.0914051841746248
Wild-type,42.102814608048384,46.76420934158695,45.696129404968225,62.96829971181557,62.01550387596899,64.97695852534562,64.60272011453114,62.67875828392047,64.03831982313928,29.78723404255319,36.252545824847246,37.51705320600273
