type,day_14_a_log2fc,day_14_b_log2fc,day_14_c_log2fc,mock_a_log2fc,mock_b_log2fc,mock_c_log2fc,nira_a_log2fc,nira_b_log2fc,nira_c_log2fc,day_14_log2fc,mock_log2fc,1um_nira_log2fc
Frame-shift,-0.4136117597161239,-2.1314607447561293,-0.5891237237989969,-0.8780184307215727,-2.2791534785668848,-0.9779385923437817,1.5386555161296533,0.29901497405132327,1.261094272025394,-1.0447320760904166,-1.3783701672107462,1.0329215874021236
In-frame,-0.7224075813892099,0.4049771756845159,-0.6462676309026056,-0.6924968709373117,0.4052087368838819,-0.5024255090706923,-0.3085245152686197,0.08305924781705738,-0.37149177864615446,-0.32123267886909984,-0.263237881041374,-0.19898568203257225
Other,0.630993542405041,0.646497186855489,-0.5891237237989967,0.036706588852682236,0.6318298716755169,-0.6488149960522154,2.5151965433056644,2.855648751713985,1.239720621232827,0.22945566848717777,0.006573821491994554,2.203521972084159
Reversion,0.630993542405041,1.0026409970807644,-0.5891237237989967,0.6216690895738387,0.9879736819007922,-0.6488149960522154,2.5151965433056644,2.855648751713985,1.239720621232827,0.34817027189560285,0.32027592514080516,2.203521972084159
Wild-type,0.5807090299350717,0.40722413872244173,0.507856244848161,0.6176782293778043,0.4225718035277518,0.48686348628939297,-0.49922251660729927,-0.36732248408996204,-0.28452545482794306,0.49859647116855815,0.5090378397316496,-0.3836901518417348
