type,day_14_a_log2fc,day_14_b_log2fc,day_14_c_log2fc,mock_a_log2fc,mock_b_log2fc,mock_c_log2fc,nira_a_log2fc,nira_b_log2fc,nira_c_log2fc,day_14_log2fc,mock_log2fc,1um_nira_log2fc
Frame-shift,-1.5226391875972005,-1.430560664058289,-0.8710198055524484,-2.962761593213639,-3.4679167358811345,-2.0050165913680993,-3.429164030429381,-3.1486698750819175,-1.9706084332144522,-1.2747398857359793,-2.8118983068209573,-2.84948077957525
Reversion,0.00969714073553165,1.4171923237792543,-1.0199276740330279,0.029392359120803974,0.4297279944467505,-1.1187350313863786,0.33043047441161527,1.3545342605742372,-0.6373196914709927,0.13565393016058605,-0.21987155927294136,0.3492150145049533
Wild-type,1.0762130435409591,1.1600430457369997,0.1514559653494346,1.2170391305228951,1.3386538996440325,0.3957522130332833,0.8614999671375696,0.6955711784093043,-0.07864417702487961,0.7959040182091311,0.9838150810667369,0.4928089895073314
in-frame,0.7677068402462912,0.5702343095791772,0.7540862381334655,0.8200495772280111,0.807355639567582,1.009197089911914,0.8490956343718055,0.9098594648722147,0.8642257156892056,0.697342462652978,0.8788674355691691,0.874393604977742
other,0.439620971002189,0.8447918488929921,0.38098931146474235,0.7420351559754216,1.2364422881452983,0.5743862788604912,0.8584336640897862,1.2024064393498382,0.7519721818080005,0.5551340437866412,0.8509545743270704,0.9376040950825416
