type,day_7_a%reads,day_7_b%reads,day_7_c%reads,day_14_a%reads,day_14_b%reads,day_14_c%reads,mock_a%reads,mock_b%reads,mock_c%reads,nira_a%reads,nira_b%reads,nira_c%reads
Frame-shift,46.30467571644043,54.10414827890556,41.79030662710188,16.116279069767444,20.07191892775417,22.849277357192015,5.939429579535431,4.889715652404996,10.411311053984575,4.29876410531972,6.10079575596817,10.662604722010663
Reversion,2.5641025641025643,1.676963812886143,5.093966369930762,2.5813953488372094,4.478587773782282,2.5120440467997245,2.616877389003234,2.258836035078395,2.345758354755784,3.2240730789897905,4.288240495137047,3.274942878903275
Wild-type,6.033182503770739,5.29567519858782,7.962413452027695,12.720930232558139,11.833932657731284,8.843771507226428,14.02528668038812,13.393568960935424,10.475578406169666,10.961848468565288,8.576480990274094,7.53998476770754
in-frame,21.417797888386126,20.211827007943512,18.1998021760633,36.46511627906977,30.00980712651193,30.69511355815554,37.81240811526022,35.37071485516874,36.63239074550128,38.58140784524449,37.97524314765694,33.130236100533125
other,23.680241327300152,18.711385701676964,26.95351137487636,32.116279069767444,33.60575351422033,35.099793530626286,39.60599823581299,44.087164496412434,40.134961439588686,42.93390650188071,43.05923961096375,45.392231530845386
